4pplepl4yer,70a95331-1036-443a-b22b-0a75b8692153
76ersmechwarrior,4c06258f-1363-46d2-9899-50688dc76d9a
_christopher01_,09e5199e-eea8-454c-b334-3171619ddecd
_deconstruction,96c97d43-da3a-4910-9d21-56af320727b3
_grubii_,c13f3d8b-1488-4a0c-abde-575cd67c6fe8
aestaroth,ea043df7-11b9-45c9-959d-8c8c12521ec3
alexander1912,233f56ae-4815-47c1-a0ee-c6087a1f5392
alrduin,b32763cf-c351-49f2-90d8-bc503a6b568d
avartos,9697581a-5190-4438-9f62-d4966c1ca292
blackblade_,de6bcfe3-fdbb-4aee-8f34-e36d77ec04bd
boaschdi1988,49470272-cc91-43e5-9792-d045b5af88ba
breitiiiii,055631ac-83ae-491d-97f4-51f873a33ddf
cardian,26532e5f-da93-4b19-9180-024d4089736d
charly_harper1,4e39d6cb-f3bd-4cbf-a6ca-1aaf539c5af0
chrispbac0n,af982ba2-5334-4cc0-abaf-45f094d3238f
comfymomiji,8f8f41f8-a02e-4f9c-92e5-fd8c608d190c
crazycraftert,1b22f863-c2cb-4379-ac90-72d49fabdf56
darkluna89,095a3953-0761-4bdb-9b00-c1c9ba8c1aa5
denisevaleska,fe3d0537-ff14-4c38-84d2-0f7be9cb779d
derf4bi,5b6ddf0a-aabc-44ba-a5a4-ee0b9d62a438
dermarc99,d1dfd0d4-69a1-4a6b-8bb0-1926f1c521c0
derstefan5000,115b8f46-53c3-4302-beee-bbee0694a74e
die_leni,cc1d81bb-2c4d-4a8f-93e9-5336e73892e8
domik,d3b060f9-e556-442c-8378-a9715732c1c2
dominuszach,8e4e0fc5-34a0-45f4-84d3-60e2549c7719
donaufreak,2fd7f147-a532-45a7-bfcd-89059db06dce
dorikan,20ec3f9c-f985-4a95-88ff-977deedffa06
dragoran1998,e836b9f0-0d7f-43da-b8f3-1df111ce816f
drsocke,32c38915-ad50-49af-8fcf-9b15908d9be4
emmazagel,e825b634-84d3-4cd2-a977-0564339a03e5
f3lixx231,cffa3b14-f99c-4fc3-9653-630c353ad9ff
fantasymaster15,a35e3524-f681-4ea0-a48f-041a6a0375b4
faxenbaxe,982d6257-44fa-4317-b1bd-f22e3e56bef4
florian_26,25a4dd47-22ba-4502-b388-35ea86cdb7cf
g4m3rkind,56c3e72f-909f-4ece-b387-9406bc94149a
ghost_330,adebceef-b0cc-4878-a2aa-3e21f5b08f06
golok,257571af-71bc-4ac0-96ef-3edc08724eae
habslps,93db64fe-d9d9-4b4e-b344-6da806460333
hamsterball,94f6cfd4-8f5b-4553-a065-e0f50b551491
hdcliff,00f10d26-b896-4471-b297-d69cc048825c
hellraizz0r,65ba34c8-5f98-4013-9379-a3760cbf60e0
hennyldo,a8db4f4e-36d4-4999-843b-ccc40cead018
higamoklus,76c9ae71-c0ca-4a40-b73d-1a587ce6c453
hundieee,ef1dd413-44e5-49af-8218-b376dd990fd2
ibimsderkrampf,a35e3524-f681-4ea0-a48f-041a6a0375b4
iimnii,4fa2c766-42ce-4984-824f-5defc65e96de
itz_w0lfy,abf92309-7fb2-48b0-95f6-862ac3c23c32
itzsyrix,82461ba5-2252-49ff-8fac-8a448dbf6c26
jarky,e6a32515-a61b-4dd4-bb9e-c0a748f1d9b7
karl17392,bede0eb4-e849-49ab-822e-695e5e95c65d
karnyt,c4d2c3b9-cf40-4149-bce5-079704fdea69
khellian,a322b498-8d1e-4375-89a4-651eee68ad48
kredoxtv,9177e480-b301-46f6-ab24-245799c1e747
lahy,49470272-cc91-43e5-9792-d045b5af88ba
landwirtgamer03,410327be-8689-462d-a89d-b7c3efd04706
laxy_gt,fceb5f27-08b5-4413-b704-2bdc8ea90cc0
leriggs,20211c94-d6ba-45b3-a37b-cdb78c78a021
loadgame,b7ff74b4-31e1-4523-9f4e-72d30f7b692a
maalo,5c176aba-7d4a-4b93-bf98-1f1364218bf2
madgamingbrosxt,2c613ac4-558b-4e06-abd9-f5b19b78775c
maraxos,fc0333df-2b76-4af9-9ce4-fd8a48a8c397
mc_thundras,f040f7fb-b7d3-42e1-8630-8888869516fd
mclangeweile,8cf37e49-71c2-4809-82fc-f281f6046818
meeplp,903db578-3c05-4af6-9cab-ccb2f651b562
menticore666,6fffbb84-141e-46a1-9f52-5dab0a6853a3
minejannus,c3299283-5f2d-442e-9c33-1b92ba17be89
moeller_,2afe5bbe-3eb9-455f-aa66-fe7f25293250
mrdimaks21,bede0eb4-e849-49ab-822e-695e5e95c65d
msatero,11bae26b-ff0f-4628-9270-6b0f1da06152
n4n0c0r3,ea043df7-11b9-45c9-959d-8c8c12521ec3
n4pz,eb91eb31-1bd6-4903-8ecf-f0d18af15c4c
nado1991,6504ab3f-bf58-4a31-8e0c-08959f0bb84b
nezorplay,93a234ec-6de2-489a-a66b-b7e7c0a605b3
nils_johannsen,8f00056d-f9e1-4608-b709-73d71ab98cad
nirimis,6a06568f-0f70-4fd7-979f-ec9e5c93ff99
nodwiho,0f5322bb-4577-40e4-b05b-1be56de02891
noobstar0815,365651c9-84ce-40c8-8176-be81e66ad9d8
oszylerulz,3982c449-4d7b-4621-8d7b-84004c78876c
perflyst,86d1c81f-4a1e-48bc-a44d-31295530f093
pixelcubeyt,098b3227-41d9-4b4d-a832-9c2a624ff755
prepper,20ba2dc0-0370-416d-be1e-6e4802b11ff6
renexfx,3da35b7b-5db4-416c-9c9f-b8e65e56e534
royal_bluemeanie,6e4c1449-631b-41df-bbce-b3a05c16222a
rsjabber42,54747ffe-da41-416b-868d-971a54ff4517
ruffy121,d9fbc5be-73e8-4437-a38e-10bc44753bc1
ruyven,2320ae11-bc86-4713-89c6-7c1e61a478e2
scarface1917,4fe1e559-8b29-43f7-b902-d11ea1f2fc7b
sentaku_tetsuya,df45faf9-8d25-48f7-9665-9499dfbe9173
sheepards,c0137f17-97a7-43e9-ac89-b4a8c3f1213c
shinybear,7c441ce9-ffd8-4076-81c1-0597ec3b76ad
shoukou,5a3b9a0b-f3c8-44f5-a32d-0220d2253e4f
shyfunnygirl,7a761ef3-ed2c-4982-98ad-79563b347efd
skilling_machine,62c14a68-76ce-4ae5-85d5-a5a5be904ac6
skillmedark,df7f1546-610d-470a-9032-674092273a4b
smiligo,51101f49-c2a1-4ea8-9833-728d6b3a77c3
stahlwolle_laser,10ff1876-8a11-4265-939c-4dabaa2d1ef3
subjekt_91,384bc080-ef30-45a3-8dd2-fda71caa25e1
that_dragon,585e5d60-1906-4aa8-b7e0-2a15dc07e5a5
thekeyblade,eb474353-ad5a-46a9-bdb1-efcdb5206fa9
tobitv96,585e5d60-1906-4aa8-b7e0-2a15dc07e5a5
valitastisch,431201be-c56b-4a2a-8cb6-baa55010d2b4
w33dm4n,db976b88-f4a6-46e0-bc71-c05e80bd5ee6
wakarana,f28224a2-0aae-4185-a037-fb04d4f0feaf
wurstkh,8918ff13-b622-48a5-a2f7-8d05334d18a8
xirey,841bf1a7-404e-4d0d-8c15-2660451b2737
xnako,05e66ca7-32ad-42c1-9031-82cdca1be943
xstreikerx,caedc1dc-f48d-4a59-85f8-022eb82321f8
xtimon97,f26a965c-f020-42d3-a478-6a52c4c24226
yunghousten,0df5bb68-c760-48e6-85fa-c9284d0c17e8
zisiru,8c4537f8-6cf2-4824-a4de-f7677b467305
